I'M,WOULD,GET,KNOW,LIKE,TECH,TAKE,WANT,ONE,DON'T,ANYONE,LOOKING,,,,,,,,REALLY,CLASSES,NEED,GEORGIA,I'VE,CS,CLASS,TIME,ALSO,IT'S,STUDENT,GOING,GO,,,
716,535,368,367,360,322,268,254,250,238,238,223,,,,,,,,220,213,208,207,204,203,202,199,197,187,187,174,167,,,
1,0.747206704,0.51396648,0.512569832,0.502793296,0.44972067,0.374301676,0.354748603,0.349162011,0.332402235,0.332402235,0.311452514,,,,,,,,0.30726257,0.297486034,0.290502793,0.289106145,0.284916201,0.283519553,0.282122905,0.277932961,0.275139665,0.261173184,0.261173184,0.24301676,0.233240223,,,
,,,,,,,,,,,,,,,,,,,,,,,,,,,,,,,,,,
Greater Mean - Unigram,,,,Greater Mean-BiGram- Removed Stopwords,,,,Greater Mean-Bigram-Not Removed Stopwords,,,,,Greater Mean-TriGram,,,,,,,,,,,,,,,,,,,,,
WOULD,540,1,,"('georgia', 'tech')",181,1,,"('i', 'm')",730,1,,,"('www', 'facebook', 'com')",40,1,,,,Lesser Mean- Unigram,,,,Lesser Mean-BiGram-After Removing Stopwords,,,,Lesser Mean-BiGram-Before Removing Stopwords,,,,,Lesser Mean Tri-Removed StopWords,,
TECH,473,0.875925926,,"('gatech', 'edu')",106,0.585635359,,"('i', 'am')",416,0.569863014,,,"('https', 'www', 'facebook')",40,1,,,,ANYONE,438,1,,"('anyone', 'know')",95,1,,"('i', 'm')",486,1,,,"('http', 'imgur', 'com')",24,1
KNOW,401,0.742592593,,"('https', 'www')",70,0.386740331,,"('in', 'the')",356,0.487671233,,,"('http', 'imgur', 'com')",35,0.875,,,,KNOW,351,0.801369863,,"('georgia', 'tech')",63,0.663157895,,"('and', 'i')",222,0.456790123,,,"('www', 'facebook', 'com')",15,0.625
LIKE,398,0.737037037,,"('http', 'www')",52,0.287292818,,"('i', 'have')",351,0.480821918,,,"('facebook', 'com', 'groups')",19,0.475,,,,WOULD,270,0.616438356,,"('gatech', 'edu')",53,0.557894737,,"('i', 'am')",207,0.425925926,,,"('https', 'www', 'facebook')",15,0.625
GET,374,0.692592593,,"('co', 'op')",49,0.270718232,,"('and', 'i')",343,0.469863014,,,"('www', 'reddit', 'com')",14,0.35,,,,THANKS,258,0.589041096,,"('anyone', 'else')",42,0.442105263,,"('i', 'have')",194,0.399176955,,,"('please', 'let', 'know')",12,0.5
TIME,290,0.537037037,,"('would', 'like')",47,0.259668508,,"('of', 'the')",315,0.431506849,,,"('wrecktechs', 'gatech', 'edu')",14,0.35,,,,GET,255,0.582191781,,"('thanks', 'advance')",36,0.378947368,,"('in', 'the')",185,0.380658436,,,"('would', 'like', 'know')",8,0.333333333
CLASS,290,0.537037037,,"('www', 'facebook')",40,0.220994475,,"('but', 'i')",268,0.367123288,,,"('reddit', 'com', 'r')",13,0.325,,,,LIKE,225,0.51369863,,"('hey', 'guys')",36,0.378947368,,"('but', 'i')",176,0.362139918,,,"('anyone', 'taken', 'class')",7,0.291666667
ONE,289,0.535185185,,"('facebook', 'com')",40,0.220994475,,"('if', 'you')",268,0.367123288,,,"('https', 'www', 'reddit')",13,0.325,,,,ONE,220,0.502283105,,"('wondering', 'anyone')",33,0.347368421,,"('i', 'can')",163,0.335390947,,,"('let', 'know', 'interested')",7,0.291666667
TAKE,289,0.535185185,,"('hey', 'guys')",38,0.209944751,,"('don', 't')",248,0.339726027,,,"('http', 'wrecktechs', 'gatech')",12,0.3,,,,TECH,220,0.502283105,,"('let', 'know')",33,0.347368421,,"('for', 'the')",156,0.320987654,,,"('www', 'reddit', 'com')",6,0.25
CLASSES,287,0.531481481,,"('imgur', 'com')",37,0.20441989,,"('so', 'i')",229,0.31369863,,,"('georgia', 'tech', 'student')",11,0.275,,,,CLASS,218,0.497716895,,"('http', 'www')",30,0.315789474,,"('i', 'was')",142,0.29218107,,,"('reddit', 'com', 'r')",6,0.25
WANT,262,0.485185185,,"('feel', 'like')",35,0.193370166,,"('for', 'the')",215,0.294520548,,,"('https', 'drive', 'google')",11,0.275,,,,TAKE,179,0.408675799,,"('would', 'like')",30,0.315789474,,"('if', 'you')",141,0.290123457,,,"('gatech', 'edu', 'students')",6,0.25
ALSO,262,0.485185185,,"('anyone', 'know')",35,0.193370166,,"('want', 'to')",208,0.284931507,,,"('drive', 'google', 'com')",11,0.275,,,,LOOKING,178,0.406392694,,"('https', 'www')",26,0.273684211,,"('it', 's')",139,0.28600823,,,"('https', 'docs', 'google')",6,0.25
SEMESTER,260,0.481481481,,"('http', 'imgur')",35,0.193370166,,"('i', 've')",207,0.283561644,,,"('please', 'let', 'know')",11,0.275,,,,CAMPUS,178,0.406392694,,"('anyone', 'taken')",25,0.263157895,,"('so', 'i')",126,0.259259259,,,"('mail', 'gatech', 'edu')",6,0.25
3,256,0.474074074,,"('3', '0')",35,0.193370166,,"('to', 'be')",196,0.268493151,,,"('facebook', 'com', 'events')",10,0.25,,,,NEED,175,0.399543379,,"('http', 'imgur')",24,0.252631579,,"('for', 'a')",121,0.248971193,,,"('docs', 'google', 'com')",6,0.25
ANYONE,244,0.451851852,,"('thanks', 'advance')",34,0.187845304,,"('on', 'the')",194,0.265753425,,,"('would', 'greatly', 'appreciated')",10,0.25,,,,SEMESTER,172,0.392694064,,"('imgur', 'com')",24,0.252631579,,"('of', 'the')",120,0.24691358,,,"('google', 'com', 'forms')",6,0.25
2,240,0.444444444,,"('ga', 'tech')",31,0.171270718,,"('it', 's')",188,0.257534247,,,"('catalog', 'gatech', 'edu')",9,0.225,,,,CLASSES,150,0.342465753,,"('next', 'semester')",23,0.242105263,,"('don', 't')",118,0.242798354,,,"('would', 'greatly', 'appreciated')",6,0.25
CS,240,0.444444444,,"('credit', 'hours')",29,0.160220994,,"('georgia', 'tech')",181,0.247945205,,,"('gatech', 'edu', 'help')",9,0.225,,,,CS,142,0.324200913,,"('cs', 'major')",23,0.242105263,,"('have', 'a')",115,0.236625514,,,"('anyone', 'know', 'anything')",5,0.208333333
STUDENT,229,0.424074074,,"('full', 'time')",29,0.160220994,,"('have', 'a')",181,0.247945205,,,"('google', 'com', 'file')",8,0.2,,,,WONDERING,138,0.315068493,,"('anybody', 'know')",22,0.231578947,,"('does', 'anyone')",114,0.234567901,,,"('help', 'would', 'appreciated')",5,0.208333333
MAJOR,228,0.422222222,,"('cs', 'major')",29,0.160220994,,"('for', 'a')",180,0.246575342,,,"('8', '30', '5')",8,0.2,,,,WANT,135,0.308219178,,"('north', 'ave')",21,0.221052632,,"('want', 'to')",112,0.230452675,,,"('georgia', 'tech', 'students')",5,0.208333333
LOOKING,226,0.418518519,,"('tl', 'dr')",28,0.154696133,,"('i', 'can')",177,0.242465753,,,"('view', 'usp', 'sharing')",8,0.2,,,,STUDENT,134,0.305936073,,"('fall', 'semester')",20,0.210526316,,"('to', 'get')",108,0.222222222,,,"('wondering', 'anyone', 'could')",5,0.208333333
REALLY,225,0.416666667,,"('high', 'school')",25,0.138121547,,"('if', 'i')",177,0.242465753,,,"('let', 'us', 'know')",7,0.175,,,,SUMMER,128,0.292237443,,"('fall', '2015')",17,0.178947368,,"('i', 've')",104,0.21399177,,,"('catalog', 'gatech', 'edu')",5,0.208333333
GEORGIA,225,0.416666667,,"('let', 'know')",25,0.138121547,,"('that', 'i')",176,0.24109589,,,"('com', 'r', 'gatech')",7,0.175,,,,TIME,127,0.289954338,,"('co', 'op')",16,0.168421053,,"('looking', 'for')",103,0.211934156,,,"('craigslist', 'org', 'atl')",5,0.208333333
THANKS,224,0.414814815,,"('grad', 'school')",25,0.138121547,,"('i', 'was')",169,0.231506849,,,"('https', 'docs', 'google')",7,0.175,,,,FALL,121,0.276255708,,"('anyone', 'experience')",16,0.168421053,,"('is', 'there')",100,0.205761317,,,"('shared', 'common', 'area')",5,0.208333333
YEAR,223,0.412962963,,"('really', 'want')",24,0.132596685,,"('to', 'the')",164,0.224657534,,,"('phi', 'delta', 'theta')",7,0.175,,,,MAJOR,106,0.242009132,,"('www', 'facebook')",15,0.157894737,,"('to', 'take')",98,0.201646091,,,"('hey', 'guys', 'looking')",5,0.208333333
GT,218,0.403703704,,"('home', 'park')",24,0.132596685,,"('to', 'get')",164,0.224657534,,,"('docs', 'google', 'com')",7,0.175,,,,GT,106,0.242009132,,"('around', 'campus')",15,0.157894737,,"('on', 'the')",97,0.199588477,,,"('http', 'www', 'catalog')",5,0.208333333
,,,,,,,,,,,,,,,,,,,COM,101,0.230593607,,"('facebook', 'com')",15,0.157894737,,"('wondering', 'if')",93,0.191358025,,,"('atlanta', 'craigslist', 'org')",5,0.208333333